N,tempo_op1_ms,tempo_op2_ms
32,0.0026015997,0.0031389594
64,0.01189992,0.011611998
128,0.048945599,0.048263013
256,0.059600079,0.05833596
512,0.25593828,0.253488
1000,1.0507767,1.035868
