N,tempo_op1_ms,tempo_op2_ms
32,0.0027911198,0.0031699985
64,0.0083305597,0.0083580017
128,0.02176864,0.021909997
256,0.05758936,0.056858003
512,0.25750604,0.253262
