N,tempo_op1_ms,tempo_op2_ms
32,0.00251616,0.0027530193
64,0.0029527593,0.0045809746
128,0.04935184,0.047896981
256,0.05856916,0.056770027
512,0.26423152,0.26003802
1000,1.0448814,1.037742
2000,4.2565378,4.247318
4000,17.22922,17.393449
