N,tempo_op1_ms,tempo_op2_ms
32,0.0010495186,0.0010609627
64,0.006618681,0.0088570118
128,0.01699832,0.018651009
256,0.058531718,0.056805968
