N,tempo_op1_ms,tempo_op2_ms
32,0.00054944038,0.0005889833
64,0.0009366405,0.001075983
128,0.0013591206,0.00099399686
256,0.0025805998,0.0018410087
512,0.0054701602,0.0036379993
1000,0.0097276402,0.0059869885
2000,0.02484108,0.016061008
4000,0.051031561,0.036816001
8000,0.10910384,0.079642981
9000,0.10798892,0.06882
10000,0.079944999,0.054877013
20000,0.2164788,0.15028399
