N,tempo_op1_ms,tempo_op2_ms
32,0.00043724,0.00059899688
64,0.00092455983,0.0008020103
128,0.0013923198,0.0010299981
256,0.0025431603,0.0018949956
512,0.0059913999,0.0041940063
1000,0.0098218799,0.0070029944
2000,0.02362068,0.015301004
4000,0.05754744,0.032757998
8000,0.10844708,0.082726002
9000,0.12438264,0.086826995
10000,0.14622572,0.082732007
20000,0.215767,0.187508
