N,tempo_op1_ms,tempo_op2_ms
32,0.00078555942,0.00089398026
64,0.0038489592,0.003858
128,0.015825601,0.015542984
256,0.06001248,0.056881994
