N,tempo_op1_ms,tempo_op2_ms
32,0.00166976,0.0017510001
64,0.0067102,0.007069001
128,0.02780744,0.027395001
256,0.05869016,0.056834001
512,0.2567908,0.253102
1000,1.0255178,1.021003
2000,4.2131952,4.192841
4000,17.770645,17.774421
8000,77.576217,76.920806
8000,72.66745,72.625688
9000,99.272079,97.953875
9000,92.288608,92.274225
10000,112.76159,112.90871
10000,122.55579,120.24458
20000,,
20000,,
