N,tempo_op1_ms,tempo_op2_ms
32,0.00033936024,0.0003759861
64,0.0011295605,0.0010210276
128,0.0018917608,0.0013500452
256,0.0035128403,0.0025610924
